Disease,Location,Doctor,,
Fungal infection,Hyderabad,https://www.drkeerthanakalva.com/,,
Fungal infection,Hyderabad,http://www.madhavisskinclinic.in/,,
Fungal infection,Hyderabad,https://ancetacare.com/,,
Fungal infection,Hyderabad,https://padmaskinclinic.com/,,
Fungal infection,Hyderabad,http://www.madhavisskinclinic.in/,,
Allergy,Hyderabad,https://bit.ly/AswiniAllergyCentre,,
Allergy,Hyderabad,https://allermy.com/,,
Allergy,Hyderabad,https://bit.ly/AswiniAllergyServices,,
Allergy,Hyderabad,http://www.swasaa.com/,,
Allergy,Hyderabad,https://www.askapollo.com/india/city/hyderabad,,
GERD,Hyderabad,https://www.google.com/aclk?sa=l&ai=DChcSEwiB8v3EyJb3AhXTmWYCHdU2AEgYABAAGgJzbQ&sig=AOD64_3qPSNHqoDooBO9nNgRlN5LI0ocMQ&q=&ctype=99&ved=2ahUKEwjRivfEyJb3AhVcR2wGHSm4DJsQhKwBegQIAhA0&adurl=,,
GERD,Hyderabad,https://www.gastrosurgeonindia.com/?utm_source=google&utm_medium=gmb&utm_campaign=local_seo,,
GERD,Hyderabad,http://www.drphanikrishnagastro.com/,,
GERD,Hyderabad,https://gastrosurgeonindia.com/,,
GERD,Hyderabad,http://www.drbharatkumarnara.com/,,
Chronic cholestasis,Hyderabad,http://www.padmavathigastro.com/,,
Chronic cholestasis,Hyderabad,http://www.drphanikrishnagastro.com/,,
Chronic cholestasis,Hyderabad,http://drnaveenpolavarapu.com/,,
Chronic cholestasis,Hyderabad,https://www.drgovindverma.com/,,
Chronic cholestasis,Hyderabad,https://drlataprasadgastro.com/,,
Drug Reaction,Hyderabad,https://allermy.com/,,
Drug Reaction,Hyderabad,http://www.swasaa.com/,,
Drug Reaction,Hyderabad,https://clinics.drbatras.com/homeopathy-clinic-dilsukhnagar-hyderabad-86709/Home?utm_source=locator&utm_medium=googleplaces,,
Drug Reaction,Hyderabad,https://www.apolloclinic.com/,,
Drug Reaction,Hyderabad,http://www.raghukanth.com/,,
Peptic ulcer diseae,Hyderabad,https://www.drgovindverma.com/,,
Peptic ulcer diseae,Hyderabad,https://octopusgastrosurg.com/doctor/surgical-gastroenterologist-in-hyderabad/,,
Peptic ulcer diseae,Hyderabad,http://drchetanmahajan.com/,,
Peptic ulcer diseae,Hyderabad,http://www.bestgastrointestinalsurgeon.com/,,
Peptic ulcer diseae,Hyderabad,https://dr-prashant-philip-das.business.site/?utm_source=gmb&utm_medium=referral,,
AIDS,Hyderabad,https://book-appointment.healthplix.com/dr-p--ajay-kumar-hiv-specialist-narayanguda-hyderabad,,
AIDS,Hyderabad,https://infectiousdiseasescenter.com/,,
AIDS,Hyderabad,http://www.aswiniclinic.com/,,
AIDS,Hyderabad,https://www.apollo247.com/doctors/dr-venkat-ramesh-af73d089-ff50-4134-b37c-05b61c4fb0e2,,
AIDS,Hyderabad,http://nireekshanaacet.org/,,
Diabetes,Hyderabad,https://www.google.com/aclk?sa=l&ai=DChcSEwiL-rPEypb3AhVENXIKHciJCmUYABAHGgJzZg&sig=AOD64_39WRZp3v7HsXJXBZSuaytkljpuVw&q=&ctype=99&ved=2ahUKEwjdtKzEypb3AhUfTGwGHUR_BHIQhKwBegQIAhAd&adurl=,,
Diabetes,Hyderabad,https://www.google.com/aclk?sa=l&ai=DChcSEwiL-rPEypb3AhVENXIKHciJCmUYABAAGgJzZg&sig=AOD64_2K3kTjshQVZyW7-7cOe5Z5OeZgRA&q=&ctype=99&ved=2ahUKEwjdtKzEypb3AhUfTGwGHUR_BHIQhKwBegQIAhA1&adurl=,,
Diabetes,Hyderabad,https://apollosugar.com/,,
Diabetes,Hyderabad,https://drmohans.com/diabetes-centre-locations/telangana/domalguda-hyderabad/,,
Diabetes,Hyderabad,http://www.ideaclinics.com/,,
Gastroenteritis,Hyderabad,http://www.ananyagastro.com/,,
Gastroenteritis,Hyderabad,https://www.gastrosurgeonindia.com/?utm_source=google&utm_medium=gmb&utm_campaign=local_seo,,
Gastroenteritis,Hyderabad,https://drlataprasadgastro.com/,,
Gastroenteritis,Hyderabad,http://drdattaram.com/,,
Gastroenteritis,Hyderabad,http://www.drphanikrishnagastro.com/,,
Bronchial Asthma,Hyderabad,http://www.swasaa.com/,,
Bronchial Asthma,Hyderabad,https://drlaxman-asthma-chest-clinic.business.site/?utm_source=gmb&utm_medium=referral,,
Bronchial Asthma,Hyderabad,https://www.askapollo.com/india/city/hyderabad,,
Bronchial Asthma,Hyderabad,https://bit.ly/AswiniAllergyServices,,
Bronchial Asthma,Hyderabad,https://allermy.com/,,
Hypertension,Hyderabad,http://www.vasavihospital.net/,,
Hypertension,Hyderabad,https://virinchihospitals.com/doctors/dr-praveen-kumar-etta/,,
Hypertension,Hyderabad,https://www.askapollo.com/india/city/hyderabad?utm_medium=gmb&utm_source=dr-mohammed-a-rafey&utm_campaign=Organic,,
Hypertension,Hyderabad,http://www.udaiomni.com/doctors/dr-girish-narayan/?utm_source=google&utm_medium=organic&utm_campaign=gmb,,
Hypertension,Hyderabad,https://www.carehospitals.com/doctors/dr-santosh-hedau/,,
Migraine,Hyderabad,http://drvikramneurologist.com/,,
Migraine,Hyderabad,https://www.nikhilhospitals.com/neurologist-in-hyderabad/,,
Migraine,Hyderabad,http://drvikramneurologist.com/,,
Migraine,Hyderabad,https://www.nikhilhospitals.com/neurologist-in-hyderabad/,,
Migraine,Hyderabad,https://www.askapollo.com/doctors/neurologist/hyderabad/dr-yeshwanth-paidimarri,,
Cervical spondylosis,Hyderabad,https://advancerheumatology.com/,,
Cervical spondylosis,Hyderabad,https://epionepainandspine.com/,,
Cervical spondylosis,Hyderabad,http://drvenkatscarencure.github.io/,,
Cervical spondylosis,Hyderabad,https://www.swastikayurveda.com/,,
Cervical spondylosis,Hyderabad,https://panaceaspineorthosleep.com/,,
Paralysis,Hyderabad,https://www.google.com/aclk?sa=l&ai=DChcSEwiu0NmozJb3AhUVg0sFHR3FA98YABAAGgJzZg&sig=AOD64_3iAoXrKu9wEojU-0J4QyL0HZG-nw&q=&ctype=99&ved=2ahUKEwiCxdCozJb3AhURzzgGHdDZCzIQhKwBegQIAhAc&adurl=,,
Paralysis,Hyderabad,http://yeshwanthneurologist.com/,,
Paralysis,Hyderabad,https://chavan-paralysis-centre.business.site/?utm_source=gmb&utm_medium=referral,,
Paralysis,Hyderabad,https://chavanparalysiscentre.com/,,
Paralysis,Hyderabad,https://alra-health-care-center.business.site/?utm_source=gmb&utm_medium=referral,,
Paralysis,Hyderabad,https://chavansayurvedictreatmentforparalysis.business.site/?utm_source=gmb&utm_medium=referral,,
Jaundice,Hyderabad,https://jaundice-specialist-in-hyderabad-liver-spleen.business.site/?utm_source=gmb&utm_medium=referral,,
Jaundice,Hyderabad,https://www.drgovindverma.com/,,
Malaria,Hyderabad,https://eka.care/vikram-cheryala,,
Malaria,Hyderabad,https://apollosugar.com/campaign/diabetes-management/?utm_source=google&utm_medium=cpc&utm_campaign=Apollo_Sugar_Clinics_GMB,,
Malaria,Hyderabad,http://www.vedaclinics.com/,,
Malaria,Hyderabad,https://www.apollo247.com/doctors/dr-venkat-ramesh-af73d089-ff50-4134-b37c-05b61c4fb0e2,,
Malaria,Hyderabad,https://www.apolloclinic.com/clinic-locator/india/telangana/hyderabad/kondapur?utm_source=Google&utm_medium=GoogleMap&utm_campaign=GoogleMapKondapur,,
Chicken pox,Hyderabad,https://www.apolloclinic.com/,,
Chicken pox,Hyderabad,http://www.cosmosureclinic.com/,,
Chicken pox,Hyderabad,https://cleoskinclinic.in/,,
Chicken pox,Hyderabad,https://padmaskinclinic.com/,,
Chicken pox,Hyderabad,https://www.apollocradle.com/our-centres/apollo-cradle-centre-in-kondapur-hyderabad/?utm_source=Google&utm_medium=GoogleMap&utm_campaign=GoogleMapKondapur,,
Dengue,Hyderabad,https://sushruthclinic.business.site/,,
Dengue,Hyderabad,https://book-appointment.healthplix.com/dr-dr-sudhakar-barla-internal-medicine-manikonda--hyderabad,,
Dengue,Hyderabad,https://sialifehospital.com/doctors/best-general-physician-in-kondapur/,,
Dengue,Hyderabad,https://book-appointment.healthplix.com/dr-sk-abdullah-physician-and-diabetologist-himayath-nagar-hyderabad,,
Dengue,Hyderabad,https://www.pacehospital.com/dr-somnath-gupta,,
Typhoid,Hyderabad,https://www.practo.com/hyderabad/doctor-for-typhoid-fever-treatment,,
Typhoid,Hyderabad,https://www.justdial.com/Hyderabad/Paediatric-Typhoid-Fever-Treatment-Doctors/nct-11956387,,
Typhoid,Hyderabad,https://infectiousdiseasescenter.com/,,
Typhoid,Hyderabad,https://remedoapp.com/doctors/dr-rajeev-prasad-general-physician-hyderabad?utm_source=gmb&utm_medium=web&utm_campaign=tu,,
Typhoid,Hyderabad,https://www.practo.com/hyderabad/doctor/sandeep-cheruku-internal-medicine,,
hepatitis A,Hyderabad,https://www.justdial.com/Hyderabad/Dr-Nagarjuna-Yarlagadda-Endoviz-Hospital-Opposite-Lakshmi-Vilas-Bank-Remedy-Hospital-Lane-Kukatpally/040PXX40-XX40-160411084819-D7L2_BZDET?xid=SHlkZXJhYmFkIEhlcGF0aXRpcyBEb2N0b3Jz,,
hepatitis A,Hyderabad,https://www.justdial.com/Hyderabad/Medicover-Hospitals-Madhapur/040PXX40-XX40-150922112530-D2V8_BZDET?xid=SHlkZXJhYmFkIEhlcGF0aXRpcyBEb2N0b3Jz,,
hepatitis A,Hyderabad,https://www.justdial.com/Hyderabad/Dr-Madhu-Varanasi-Super-Speciality-Homeopathy-Clinic-Opposite-More-Super-Market-Lane-Kukatpally/040PXX40-XX40-110214173455-H9L8_BZDET?xid=SHlkZXJhYmFkIEhlcGF0aXRpcyBEb2N0b3Jz,,
hepatitis A,Hyderabad,https://www.justdial.com/Hyderabad/Shine-Gastro-Clinic-Opposite-Prime-Hospital-KPHB-Colony-Kukatpally/040PXX40-XX40-130423143240-Q4W5_BZDET?xid=SHlkZXJhYmFkIEhlcGF0aXRpcyBEb2N0b3Jz,,
hepatitis B,Hyderabad,https://www.justdial.com/Hyderabad/Dr-Nagarjuna-Yarlagadda-Endoviz-Hospital-Opposite-Lakshmi-Vilas-Bank-Remedy-Hospital-Lane-Kukatpally/040PXX40-XX40-160411084819-D7L2_BZDET?xid=SHlkZXJhYmFkIEhlcGF0aXRpcyBEb2N0b3Jz,,
hepatitis B,Hyderabad,https://www.justdial.com/Hyderabad/Medicover-Hospitals-Madhapur/040PXX40-XX40-150922112530-D2V8_BZDET?xid=SHlkZXJhYmFkIEhlcGF0aXRpcyBEb2N0b3Jz,,
hepatitis B,Hyderabad,https://www.justdial.com/Hyderabad/Dr-Madhu-Varanasi-Super-Speciality-Homeopathy-Clinic-Opposite-More-Super-Market-Lane-Kukatpally/040PXX40-XX40-110214173455-H9L8_BZDET?xid=SHlkZXJhYmFkIEhlcGF0aXRpcyBEb2N0b3Jz,,
hepatitis B,Hyderabad,https://www.justdial.com/Hyderabad/Shine-Gastro-Clinic-Opposite-Prime-Hospital-KPHB-Colony-Kukatpally/040PXX40-XX40-130423143240-Q4W5_BZDET?xid=SHlkZXJhYmFkIEhlcGF0aXRpcyBEb2N0b3Jz,,
Heart attack,Hyderabad,https://www.drraghu.com/,,
Heart attack,Hyderabad,https://www.askapollo.com/doctors/cardiologist/hyderabad/dr-manoj-kumar-agarwala?utm_medium=gmb&utm_source=dr-manoj-kumar-agarwala&utm_campaign=organic,,
Heart attack,Hyderabad,https://drsivakumarreddy.com/,,
Heart attack,Hyderabad,https://drsarathchandra.com/,,
Heart attack,Hyderabad,https://www.medicoverhospitals.in/dr-a-sharath-reddy/,,
Tuberculosis,Hyderabad,https://drpvijayendra-raju.business.site/,,
Tuberculosis,Hyderabad,https://infectiousdiseasescenter.com/,,
Tuberculosis,Hyderabad,https://sialifehospital.com/doctors/pulmonologist-in-kondapur/,,
Tuberculosis,Hyderabad,http://kkreddyhospital.com/,,
Common Cold,Hyderabad,https://drsampurnaent.com/,,
Common Cold,Hyderabad,https://www.askapollo.com/doctors/ent-specialist/hyderabad/dr-v-sathavahana-chowdary?utm_medium=gmb&utm_source=dr-v-sathavahana-chowdary&utm_campaign=organic,,
Common Cold,Hyderabad,https://drneetumodgil.com/,,
Common Cold,Hyderabad,https://sushruthclinic.business.site/,,
Pneumonia,Hyderabad,http://hyderabadchestclinic.blogspot.com/,,
Pneumonia,Hyderabad,https://paarthivlungcare.com/index.html,,
Pneumonia,Hyderabad,https://breathefreeclinics.com/doctors-profile/,,
Pneumonia,Hyderabad,http://sunillungcare.com/dr-s-sunil/,,
Dimorphic hemmorhoids,Hyderabad,https://laserpiles.com/dr-harika-tirungari/,,
Dimorphic hemmorhoids,Hyderabad,https://laserpiles.com/dr-venkat-vaijnath-cholleti/,,
Dimorphic hemmorhoids,Hyderabad,https://laserpiles.com/dr-mudumala-issac-abhilash-2/,,
Dimorphic hemmorhoids,Hyderabad,https://laserpiles.com/dr-sravanthi/,,
Varicose veins,Hyderabad,https://drsudhirsscancenterandvaricoseveinclinic.com/,,
Varicose veins,Hyderabad,http://vascularcarecenter.com/,,
Varicose veins,Hyderabad,https://varicose-veins-treatment-hyderabad.business.site/?utm_source=gmb&utm_medium=referral,,
Varicose veins,Hyderabad,https://klavo.in/doctors/interventional-radiologist-in-hyderabad/,,
Hypothyroidism,Hyderabad,http://www.hyderabadendocrinologist.com/,,
Hypothyroidism,Hyderabad,http://tanishthasclinic.com/?utm_source=gmb&utm_medium=referral,,
Hypothyroidism,Hyderabad,https://www.ideaclinics.com/dr-rakesh-sahay-2/,,
Hypothyroidism,Hyderabad,https://www.ideaclinics.com/dr-g-kalyan-chakravarthy/,,
Hyperthyroidism,Hyderabad,https://drsulemansdiabetesandthyroidclinic.business.site/?utm_source=gmb&utm_medium=referral,,
Hyperthyroidism,Hyderabad,https://dramitendo.com/about-us/dr-amit-goel/,,
Hyperthyroidism,Hyderabad,https://saitriyasclinic.com/best-diabetologist-in-hyderabad/,,
Hyperthyroidism,Hyderabad,https://diabetes-thyroid-endocrine-center.business.site/,,
Hypoglycemia',Hyderabad,https://apollosugar.com/,,
Hypoglycemia,Hyderabad,http://www.hyderabaddiabetes.com/about_us.html,,
Hypoglycemia,Hyderabad,http://www.diabeticfootclinics.org/,,
Hypoglycemia,Hyderabad,https://www.pacehospital.com/dr-somnath-gupta,,
Osteoarthristis,Hyderabad,https://starayurveda.com/contactus.php?utm_source=google&utm_campaign=Diseases&utm_medium=Arthritis&keyword=%2Barthritis%20%2Bdoctors&gclid=EAIaIQobC,,
Osteoarthristis,Hyderabad,https://jointpainrelief.in/doctor-profile/,,
Osteoarthristis,Hyderabad,http://www.rheumatology-india.com/,,
Osteoarthristis,Hyderabad,https://www.askapollo.com/doctors/rheumatologist/hyderabad/dr-sarvajeet-pal,,
Arthritis,Hyderabad,http://www.sopolyclinic.in/?gclid=EAIaIQobChMIltDhydGY9wIVhXwrCh0lmgJBEBAYASAAEgKkLfD_BwE,,
Arthritis,Hyderabad,http://drnayanpatel.in/about-doctor/,,
Arthritis,Hyderabad,https://guptasarc.business.site/,,
Arthritis,Hyderabad,https://www.endorheumacare.com/dr-dheeraj-kondagari.html,,
Paroymsal  Positional Vertigo,Hyderabad,https://www.rasyaclinic.com/,,
Paroymsal  Positional Vertigo,Hyderabad,https://www.alekhyaentcare.in/head-neck.html,,
Paroymsal  Positional Vertigo,Hyderabad,https://raosentcare.com/best-vertigo-treatment-in-india/,,
Paroymsal  Positional Vertigo,Hyderabad,https://korument.com/,,
Acne,Hyderabad,https://www.drkeerthanakalva.com/acne/,,
Acne,Hyderabad,https://www.olivaclinic.com/,,
Acne,Hyderabad,https://www.drvenus.in/acne-scar-removal-treatment/,,
Acne,Hyderabad,https://madhavisskinclinic.in/acne-treatment/,,
Urinary tract infection,Hyderabad,https://sialifehospital.com/doctors/best-urologist-in-kondapur/,,
Urinary tract infection,Hyderabad,https://www.pacehospital.com/urology-department,,
Urinary tract infection,Hyderabad,https://ainuindia.org/urology/#,,
Urinary tract infection,Hyderabad,https://www.urolifehyderabad.com/urinary-incontinence.php,,
Psoriasis,Hyderabad,https://drnishitaranka.com/?gclid=EAIaIQobChMI2tuUyuWY9wIVjoNLBR0IOAEOEBAYAiAAEgIozPD_BwE,,
Psoriasis,Hyderabad,https://www.arshiclinic.com/,,
Psoriasis,Hyderabad,https://psoriasis-care-center.business.site/?utm_source=gmb&utm_medium=referral,,
Psoriasis,Hyderabad,https://drsushmaraavi.com/,,
Impetigo,Hyderabad,https://drnishitaranka.com/?gclid=EAIaIQobChMIqvuf6-aY9wIVyH0rCh2zgwVwEBAYASAAEgIMR_D_BwE,,
Impetigo,Hyderabad,https://www.arshiclinic.com/,,
Impetigo,Hyderabad,https://psoriasis-care-center.business.site/?utm_source=gmb&utm_medium=referral,,
Impetigo,Hyderabad,https://drsushmaraavi.com/,,
Fungal infection,Vijayawada,http://www.nehaskincare.in/about-dr.html,,
Fungal infection,Vijayawada,http://www.nandanaskincare.com/,,
Fungal infection,Vijayawada,https://www.justdial.com/Vijayawada/Dr-Srinivas-Skin-Hair-Clinic-Opposite-To-Swathi-Theatre-Bhavanipuram/0866PX866-X866-191016132716-I7K8_BZDET,,
Fungal infection,Vijayawada,https://www.justdial.com/Vijayawada/Dr-Srinivas-Skin-Hair-Clinic-Opposite-To-Swathi-Theatre-Bhavanipuram/0866PX866-X866-191016132716-I7K8_BZDET,,
Fungal infection,Vijayawada,https://www.justdial.com/Vijayawada/Dr-Srinivas-Skin-Hair-Clinic-Opposite-To-Swathi-Theatre-Bhavanipuram/0866PX866-X866-191016132716-I7K8_BZDET,,
Allergy,Vijayawada,https://curofy.com/,,
Allergy,Vijayawada,https://www.sulekha.com/,,
Allergy,Vijayawada,https://shaanvika-skin-n-chest-care-clinic.business.site/,,
Allergy,Vijayawada,https://www.lybrate.com/,,
Allergy,Vijayawada,https://www.manipalhospitals.com/,,
GERD,Vijayawada,https://www.justdial.com/,,
GERD,Vijayawada,https://www.chikitsa.us/,,
GERD,Vijayawada,https://www.harinihospitals.com/,,
GERD,Vijayawada,https://www.indiamart.com/,,
GERD,Vijayawada,https://www.practo.com/,,
Chronic cholestasis,Vijayawada,https://www.msdmanuals.com/en-in/home/liver-and-gallbladder-disorders/manifestations-of-liver-disease/cholestasis,,
Chronic cholestasis,Vijayawada,https://www.frontiersin.org/articles/10.3389/fmed.2020.00149/full,,
Chronic cholestasis,Vijayawada,https://www.practo.com/vijayawada/treatment-for-cholestasis/benz-circle,,
Chronic cholestasis,Vijayawada,https://www.practo.com/vijayawada/doctor/dr-ravi-shankar-tata-gastroenterologist,,
Chronic cholestasis,Vijayawada,https://www.frontiersin.org/articles/10.3389/fmed.2020.00149/full,,
Drug Reaction,Vijayawada,https://www.practo.com/vijayawada/treatment-for-drug-allergy,,
Drug Reaction,Vijayawada,https://www.lybrate.com/vijayawada/doctor/dr-swapna-sri-boppana-general-physician,,
Drug Reaction,Vijayawada,https://www.lybrate.com/vijayawada/doctor/dr-c-purnachandra-rao-general-physician,,
Drug Reaction,Vijayawada,https://www.lybrate.com/vijayawada/doctor/dr-y-umamaheswara-rao-general-physician,,
Drug Reaction,Vijayawada,https://www.lybrate.com/vijayawada/doctor/dr-manne-naga-bhaskararamba-general-physician,,
Peptic ulcer diseae,Vijayawada,https://www.practo.com/vijayawada/doctor/dr-nalini-prasad-ippela,,
Peptic ulcer diseae,Vijayawada,https://g.co/kgs/iXBKX8,,https://g.co/kgs/iXBKX8
Peptic ulcer diseae,Vijayawada,https://g.co/kgs/67VakM,,
Peptic ulcer diseae,Vijayawada,https://g.co/kgs/APiyCp,,
Peptic ulcer diseae,Vijayawada,https://g.co/kgs/sjr2AW,,
AIDS,Vijayawada,http://drbujjibabuhivclinic.in/,,
AIDS,Vijayawada,http://hmfw.ap.gov.in/,,
AIDS,Vijayawada,https://www.lybrate.com/,,
AIDS,Vijayawada,https://www.sulekha.com/,,
AIDS,Vijayawada,https://www.practo.com/,,
Diabetes,Vijayawada,https://drmohans.com/,,
Diabetes,Vijayawada,https://doctorspages.in/,,
Diabetes,Vijayawada,https://vgrdiabetes.in/,,
Diabetes,Vijayawada,https://threebestrated.in/,,
Diabetes,Vijayawada,https://www.drpramodtripathi.com/,,
Gastroenteritis,Vijayawada,https://www.practo.com/vijayawada/doctor/dr-phani-kumar-,,
Gastroenteritis,Vijayawada,https://www.practo.com/vijayawada/doctor/malempati-,,
Gastroenteritis,Vijayawada,https://www.practo.com/vijayawada/doctor/nithin-nandigam,,
Gastroenteritis,Vijayawada,https://www.practo.com/vijayawada/doctor/anusha-gaddam,,
Gastroenteritis,Vijayawada,https://www.practo.com/vijayawada/doctor/mounika-sola-general-,,
Bronchial Asthma,Vijayawada,https://www.lybrate.com/vijayawada/doctor/dr-prasad-babu-ch-pulmonologist,,
Bronchial Asthma,Vijayawada,https://www.lybrate.com/vijayawada/doctor/dr-venkata-sai-prasad-reddy-pulmonologist,,
Bronchial Asthma,Vijayawada,https://www.lybrate.com/vijayawada/doctor/dr-t-jayaprakash-pulmonologist,,
Bronchial Asthma,Vijayawada,https://www.lybrate.com/vijayawada/doctor/dr-srinivasa-kumar-ravipati-pulmonologist,,
Bronchial Asthma,Vijayawada,https://www.lybrate.com/vijayawada/doctor/dr-mvss-ramakrishna-homeopath-1,,
Hypertension,Vijayawada,https://g.co/kgs/db8dVE,,
Hypertension,Vijayawada,https://g.co/kgs/S43Unf,,
Hypertension,Vijayawada,https://g.co/kgs/cXj7XN,,
Hypertension,Vijayawada,https://g.co/kgs/GU9gJV,,
Hypertension,Vijayawada,https://g.co/kgs/M54ikq,,
Migraine,Vijayawada,https://medhanshospitals.com/,,
Migraine,Vijayawada,https://www.manipalhospitals.com/vijayawada/doctors/dr-murali-chekuri-consultant-neuro-sciences,,
Migraine,Vijayawada,https://myrx.in/cards/00219246.html,,
Migraine,Vijayawada,https://g.co/kgs/R63Cyk,,
Migraine,Vijayawada,https://g.co/kgs/SrpLd4,,
Cervical spondylosis,Vijayawada,https://www.neurotherapyhealthcare.com/vijayawada/cervical-spondylosis-treatment.htm,,
Cervical spondylosis,Vijayawada,https://www.sehat.com/dr-sonylal-neurosurgeon-vijayawada,,
Cervical spondylosis,Vijayawada,https://www.sehat.com/dr-ravikanth-vuppu-neurosurgeon-vijayawada,,
Cervical spondylosis,Vijayawada,https://www.sehat.com/dr-dharmapurissiva-kumar-neurosurgeon-vijayawada,,
Cervical spondylosis,Vijayawada,https://www.sehat.com/dr-k-kranthi-kishore-neurosurgeon-vijayawada,,
Paralysis,Vijayawada,https://g.co/kgs/bVMkhi,,
Paralysis,Vijayawada,https://g.co/kgs/6WemCk,,
Paralysis,Vijayawada,https://g.co/kgs/EmGHq6,,
Paralysis,Vijayawada,https://g.co/kgs/d4PxQa,,
Paralysis,Vijayawada,https://g.co/kgs/JuzhrD,,
Paralysis,Vijayawada,https://g.co/kgs/87DnEB,,
Jaundice,Vijayawada,https://www.credihealth.com/,,
Jaundice,Vijayawada,https://www.jaspital.com/,,
Malaria,Vijayawada,https://www.medifee.com/,,
Malaria,Vijayawada,https://www.tendersontime.com/,,
Malaria,Vijayawada,https://www.indiamart.com/,,
Malaria,Vijayawada,https://www.lybrate.com/,,
Malaria,Vijayawada,https://www.practo.com/,,
Chicken pox,Vijayawada,https://www.apollohospitals.com/,,
Chicken pox,Vijayawada,https://www.lybrate.com/,,
Chicken pox,Vijayawada,https://www.practo.com/,,
Chicken pox,Vijayawada,https://www.justdial.com/,,
Chicken pox,Vijayawada,https://www.credihealth.com/,,
Dengue,Vijayawada,https://www.practo.com/vijayawada/doctor/dr-phani-kumar,,
Dengue,Vijayawada,https://www.practo.com/vijayawada/doctor/malempati,,
Dengue,Vijayawada,https://www.practo.com/vijayawada/doctor/nithin-nandigam,,
Dengue,Vijayawada,https://www.practo.com/vijayawada/doctor/nithin-nandigam,,
Dengue,Vijayawada,https://www.practo.com/vijayawada/doctor/prudhvi,,
Typhoid,Vijayawada,https://www.practo.com/,,
Typhoid,Vijayawada,https://www.medifee.com/,,
Typhoid,Vijayawada,https://www.practo.com/vijayawada/doctor/dr-didugu-venkateswara,,
Typhoid,Vijayawada,https://www.justdial.com/,,
Typhoid,Vijayawada,https://threebestrated.in/,,
hepatitis A,Vijayawada,https://www.practo.com/vijayawada/doctor/dr-ravi-shankar-tata-gastroenterologist?practice_id=758357&specialization=Gastroenterologist&referrer=doctor_listing,,
hepatitis A,Vijayawada,https://sateeshgastro.org/,,
hepatitis A,Vijayawada,https://remedoapp.com/rweb/doctors/dr-ravi-267?utm_source=gmb&utm_medium=web&utm_campaign=tu,,
hepatitis A,Vijayawada,https://www.manipalhospitals.com/vijayawada/doctors/dr-surendra-jasti-consultant-gastrointestinal-laparoscopic-bariatric-and-general-surgery?utm_source=gmb&utm_medium=surendrajasti,,
Heart attack,Vijayawada,https://g.co/kgs/H8rEeo,,
Heart attack,Vijayawada,https://g.co/kgs/egxX7n,,
Heart attack,Vijayawada,https://g.co/kgs/5Yf8ey,,
Heart attack,Vijayawada,https://g.co/kgs/cRctes,,
Heart attack,Vijayawada,https://g.co/kgs/Mj6zvi,,
Tuberculosis,Vijayawada,https://g.co/kgs/hE9hGe,,
Tuberculosis,Vijayawada,https://g.co/kgs/JRkRaa,,
Tuberculosis,Vijayawada,https://g.co/kgs/BX93CB,,
Tuberculosis,Vijayawada,https://g.co/kgs/c2Y9Xw,,
Common Cold,Vijayawada,https://singarienthospital.com/,,
Common Cold,Vijayawada,http://enthospital.co.in/,,
Common Cold,Vijayawada,http://www.enthospital.co.in/,,
Common Cold,Vijayawada,http://www.vijayawadamultispecialityhospital.com/,,
Pneumonia,Vijayawada,http://www.saipathamchest.com/,,
Pneumonia,Vijayawada,http://www.breathefree.com/,,
Pneumonia,Vijayawada,https://drsindhurilungcare.com/,,
Pneumonia,Vijayawada,https://www.harinihospitals.com/,,
Dimorphic hemmorhoids,Vijayawada,http://ayushpilescure.in/,,
Dimorphic hemmorhoids,Vijayawada,https://akshaya-ayurveda.business.site/?utm_source=gmb&utm_medium=referral,,
Dimorphic hemmorhoids,Vijayawada,https://sri-mahaganesh-piles-clinic.business.site/?utm_source=gmb&utm_medium=referral,,
Dimorphic hemmorhoids,Vijayawada,https://www.pristyncare.com/?utm_source=gmb&utm_medium=organic&utm_campaign=doctor-gmb,,
Varicose veins,Vijayawada,https://www.google.com/aclk?sa=l&ai=DChcSEwjI9dOfxpv3AhXwmWYCHev-BWUYABAAGgJzbQ&sig=AOD64_0f2tAuB3k0uTfQZwwTaf7SZ957GQ&q=&ctype=99&ved=2ahUKEwjr-8yfxpv3AhW9SWwGHR7SAXEQhKwBegQIAhAc&adurl=,,
Varicose veins,Vijayawada,http://www.vascularinstitute.in/,,
Varicose veins,Vijayawada,https://avis-vascular-centre-vijayawada.business.site/?utm_source=gmb&utm_medium=referral,,
Varicose veins,Vijayawada,https://remedoapp.com/doctors/dr-sri-venkata-pavaneswar?utm_source=gmb&utm_medium=web&utm_campaign=tu,,
Hypothyroidism,Vijayawada,https://g.co/kgs/2P24ge,,
Hypothyroidism,Vijayawada,https://g.co/kgs/E33N1g,,
Hypothyroidism,Vijayawada,https://g.co/kgs/9gBpLj,,
Hypothyroidism,Vijayawada,https://g.co/kgs/9kXNaK,,
Hyperthyroidism,Vijayawada,https://g.co/kgs/DWgYp6,,
Hyperthyroidism,Vijayawada,https://g.co/kgs/esY6mG,,
Hyperthyroidism,Vijayawada,https://g.co/kgs/FjjvLP,,
Hyperthyroidism,Vijayawada,https://g.co/kgs/JQQvNL,,
Hypoglycemia,Vijayawada,https://sreeramaneni-sumanth-krishna-diabetes-thyroid.business.site/,,
Hypoglycemia,Vijayawada,https://dsdsc.business.site/,,
Hypoglycemia,Vijayawada,https://vgrdiabetes.in/,,
Hypoglycemia,Vijayawada,http://www.drbhargav.org/,,
Osteoarthristis,Vijayawada,https://sreshta-arthritis-and-rheumatology-clinic.business.site/?utm_source=gmb&utm_medium=referral,,
Osteoarthristis,Vijayawada,http://www.nandanhospitals.com/,,
Osteoarthristis,Vijayawada,https://vgrdiabetes.in/,,
Osteoarthristis,Vijayawada,http://www.drbhargav.org/,,
Arthritis,Vijayawada,https://g.co/kgs/MFYbqi,,
Arthritis,Vijayawada,https://g.co/kgs/WZUv24,,
Arthritis,Vijayawada,https://g.co/kgs/yS6bZp,,
Arthritis,Vijayawada,https://g.co/kgs/yFCL7K,,
Paroymsal  Positional Vertigo,Vijayawada,https://g.co/kgs/XtyyFP,,
Paroymsal  Positional Vertigo,Vijayawada,https://g.co/kgs/gka782,,
Paroymsal  Positional Vertigo,Vijayawada,https://g.co/kgs/K6Ssij,,
Paroymsal  Positional Vertigo,Vijayawada,https://g.co/kgs/vLCekP,,
Acne,Vijayawada,https://g.co/kgs/SxrSXE,,
Acne,Vijayawada,https://g.co/kgs/jQibvC,,
Acne,Vijayawada,https://g.co/kgs/N1rLhT,,
Acne,Vijayawada,https://g.co/kgs/CTQwxm,,
Urinary tract infection,Vijayawada,https://g.co/kgs/zA7LTc,,
Urinary tract infection,Vijayawada,https://g.co/kgs/uceKWQ,,
Urinary tract infection,Vijayawada,https://g.co/kgs/4CJczb,,
Urinary tract infection,Vijayawada,https://g.co/kgs/eUVv24,,
Psoriasis,Vijayawada,https://g.co/kgs/Ytdj4C,,
Psoriasis,Vijayawada,https://g.co/kgs/g1hLrT,,
Psoriasis,Vijayawada,https://g.co/kgs/jTkwpt,,
Psoriasis,Vijayawada,https://g.co/kgs/u34A2x,,
Impetigo,Vijayawada,http://www.skinfirst.in/,,
Impetigo,Vijayawada,https://book-appointment.healthplix.com/dr-neelakanta-rasineni-dermatology-governor-peta-vijayawada,,
Impetigo,Vijayawada,https://dr-sruthi-skin-hair-clinic.business.site/?utm_source=gmb&utm_medium=referral,,
Impetigo,Vijayawada,https://www.scalaclinic.com/,,
Fungal infection,Vizag,https://www.practo.com/visakhapatnam/doctor/dr-sasi-kiran-attili-dermatologist-cosmetologist-1,,
Fungal infection,Vizag,https://drlakshmimanasi.business.site/,,
Fungal infection,Vizag,https://www.olivaclinic.com/vizag/skin-hair-specialists-dwaraka-nagar/?utm_source=BL&utm_medium=Website&utm_campaign=Vizag,,
Fungal infection,Vizag,http://www.visakhaskinclinic.com/,,
Fungal infection,Vizag,http://www.skinshineclinic.com/,,
Allergy,Vizag,http://www.visakhaskinclinic.com/,,
Allergy,Vizag,http://www.sisyp.com/dir/vizag/doctor/drs-chest-physician-doctors/dr-anil-kumar-gandham/,,
Allergy,Vizag,http://www.visakhaskinclinic.com/,,
Allergy,Vizag,https://www.practo.com/visakhapatnam/doctor/dr-sasi-kiran-attili-dermatologist-cosmetologist-1,,
Allergy,Vizag,http://www.asianenthospital.com/,,
GERD,Vizag,http://www.rklivergastrocenter.com/,,
GERD,Vizag,http://www.dravsivaprasad.com/,,
GERD,Vizag,https://www.askapollo.com/doctors/medical-gastroenterologist/visakhapatnam/dr-srinivas-nistala?utm_medium=gmb&utm_source=dr-srinivas-nistala&utm_campaign=organic,,
GERD,Vizag,https://www.askapollo.com/doctors/surgical-gastroenterologist/visakhapatnam/dr-muralidhar-nambada?utm_medium=gmb&utm_source=dr-muralidhar-nambada&utm_campaign=organic,,
GERD,Vizag,https://drsreedevis-gastro-liver-endoscopy-clinic.business.site/?utm_source=gmb&utm_medium=referral,,
Chronic cholestasis,Vizag,http://www.kimshospitals.com/doctor-profile/dr-chalapathirao-a/,,
Chronic cholestasis,Vizag,http://www.rklivergastrocenter.com/,,
Chronic cholestasis,Vizag,https://www.queensnrihospital.com/,,
Chronic cholestasis,Vizag,https://www.visakhapatnamdoctors.com/dr-ch-ragasudha-gynecologist.html,,
Chronic cholestasis,Vizag,https://vizag.apollohospitals.com/apollo-health-city-arilova/,,
Drug Reaction,Vizag,http://www.visakhaskinclinic.com/,,
Drug Reaction,Vizag,https://dr-m-v-e-rama-naidu-happy-clinic.business.site/?utm_source=gmb&utm_medium=referral,,
Drug Reaction,Vizag,https://www.positivehomeopathy.com/ga-homeopathic-consultation/,,
Drug Reaction,Vizag,http://drkutikuppalasuryarao.org/,,
Drug Reaction,Vizag,http://www.asianenthospital.com/,,
Peptic ulcer diseae,Vizag,https://inspire-clinic-anirudh-gastro-and-liver-care-satya.business.site/?utm_source=gmb&utm_medium=referral,,
Peptic ulcer diseae,Vizag,http://www.dravsivaprasad.com/,,
Peptic ulcer diseae,Vizag,https://www.visakhapatnamdoctors.com/dr-g-satyanarayana-gastroenterologist-vizag.html,,
Peptic ulcer diseae,Vizag,http://www.sisyp.com/dir/vizag/doctor/gastroenterologist-laparoscopic-surgeons/dr-g-satyanarayana/,,
Peptic ulcer diseae,Vizag,https://drsreedevis-gastro-liver-endoscopy-clinic.business.site/?utm_source=gmb&utm_medium=referral,,
AIDS,Vizag,http://drkutikuppalasuryarao.org/,,
AIDS,Vizag,http://www.drphanender.com/,,
AIDS,Vizag,http://www.asianenthospital.com/,,
AIDS,Vizag,http://www.gayathrihearing.com/,,
AIDS,Vizag,https://vizag.apollohospitals.com/contact-us/,,
Diabetes,Vizag,https://drmohans.com/diabetes-centre-locations/andhra-pradesh/visakhapatnam/,,
Diabetes,Vizag,http://vdec.meetmydoctor.in/,,
Diabetes,Vizag,https://book-appointment.healthplix.com/dr-mounika-anitha-endocrinologist-visakhaptnam-visakhapatnam,,
Diabetes,Vizag,https://apollosugar.com/campaign/diabetes-management/?utm_source=google&utm_medium=cpc&utm_campaign=Apollo_Sugar_Clinics_GMB,,
Diabetes,Vizag,https://sai-endocrinology-visakhapatnam.business.site/?utm_source=gmb&utm_medium=referral,,
Gastroenteritis,Vizag,http://www.rklivergastrocenter.com/,,
Gastroenteritis,Vizag,http://www.dravsivaprasad.com/,,
Gastroenteritis,Vizag,https://gastrosurgeonbaipalli.com/,,
Gastroenteritis,Vizag,http://www.clds.in/,,
Gastroenteritis,Vizag,http://www.kimshospitals.com/doctor-profile/dr-chalapathirao-a/,,
Bronchial Asthma,Vizag,http://www.sisyp.com/dir/vizag/doctor/drs-chest-physician-doctors/dr-anil-kumar-gandham/,,
Bronchial Asthma,Vizag,http://www.sisyp.com/dir/vizag/doctor/pulmonology/dr-j-v-praveen/,,
Bronchial Asthma,Vizag,https://www.vizagchestinstitute.com/,,
Bronchial Asthma,Vizag,https://medicoverhospitals.in/,,
Bronchial Asthma,Vizag,https://dr-monisha-silla-best-pulmonologist-in-mvp-colony.business.site/?utm_source=gmb&utm_medium=referral,,
Hypertension,Vizag,https://onelife-kidney-blood-pressure-clinic.business.site/,,
Hypertension,Vizag,https://www.askapollo.com/doctors/nephrologist/visakhapatnam/dr-p-satya-vamsheedhar?utm_medium=gmb&utm_source=dr-p-satya-vamsheedhar&utm_campaign=organic,,
Hypertension,Vizag,https://www.medicoverhospitals.in/dr-p-sri-ram-naveen/,,
Hypertension,Vizag,https://book-appointment.healthplix.com/dr-bhaskara-rao--b-consultant-nephrologist---transplant-physician-maharani-peta-visakhapatnam,,
Hypertension,Vizag,http://www.sisyp.com/dir/vizag/doctor/nephrologist/dr-kalyan-chakravarthy/,,
Migraine,Vizag,https://www.askapollo.com/doctors/neurologist/visakhapatnam/dr-rajesh-venkat-indala?utm_medium=gmb&utm_source=dr-rajesh-venkat-indala&utm_campaign=organic,,
Migraine,Vizag,http://medhaclinic.online/,,
Migraine,Vizag,https://bharathi-neuro-centre.business.site/,,
Migraine,Vizag,https://www.askapollo.com/doctors/neurologist/visakhapatnam/dr-m-madhusudhana-babu?utm_medium=gmb&utm_source=dr-m-madhusudhana-babu&utm_campaign=organic,,
Migraine,Vizag,http://www.sisyp.com/dir/vizag/doctor/neurosurgeon/dr-b-hayagriva-rao/,,
Cervical spondylosis,Vizag,http://www.drpvramana.in/,,
Cervical spondylosis,Vizag,https://www.askapollo.com/doctors/orthopaedic-surgeon/visakhapatnam/dr-naveen-palla?utm_medium=gmb&utm_source=dr-naveen-palla&utm_campaign=organic,,
Cervical spondylosis,Vizag,https://jointreplacementsu.wixsite.com/vizag,,
Cervical spondylosis,Vizag,http://www.vizagortho.in/,,
Paralysis,Vizag,https://bharathi-neuro-centre.business.site/,,
Paralysis,Vizag,https://mbhospitals.com/drkvishnuprasad.html,,
Paralysis,Vizag,http://www.drpvramana.in/,,
Paralysis,Vizag,https://www.apollo247.com/doctors/dr-pavan-kumar-rudrabhatla-c1f0a6d5-590a-4f02-a629-a4b57e29e4c8%20https://pavankumarrudrabha.wixsite.com/website-1,,
Paralysis,Vizag,http://mbhospitals.com/,,
Jaundice,Vizag,http://www.rklivergastrocenter.com/,,
Jaundice,Vizag,https://inspire-clinic-anirudh-gastro-and-liver-care-satya.business.site/?utm_source=gmb&utm_medium=referral,,
Malaria,Vizag,https://dr-m-v-e-rama-naidu-happy-clinic.business.site/?utm_source=gmb&utm_medium=referral,,
Malaria,Vizag,http://www.drphanender.com/,,
Malaria,Vizag,https://www.queensnrihospital.com/,,
Malaria,Vizag,http://www.sisyp.com/dir/vizag/doctor/general-laproscopic-surgeon/bhaskaras-clinics/,,
Malaria,Vizag,https://www.medicoverhospitals.in/doctors/dr-k-rama-murty,,
Chicken pox,Vizag,http://www.sisyp.com/dir/vizag/doctor/general-laproscopic-surgeon/bhaskaras-clinics/,,
Chicken pox,Vizag,https://www.apolloclinic.com/clinic-locator/india/andhra-pradesh/vishakapatnam/dwaraka-nagar?utm_source=Google&utm_medium=GoogleMap&utm_campaign=GoogleMapDwarakaNagar,,
Chicken pox,Vizag,http://www.aswiniclinic.com/,,
Chicken pox,Vizag,http://apoorvahospitals.com/contact_us,,
Chicken pox,Vizag,http://www.drphanender.com/,,
Dengue,Vizag,http://www.sisyp.com/dir/vizag/doctor/general-laproscopic-surgeon/bhaskaras-clinics/,,
Dengue,Vizag,https://www.askapollo.com/doctors/general-physician/visakhapatnam/dr-sesha-mohan-debta?utm_medium=gmb&utm_source=dr-sesha-mohan-debta&utm_campaign=organic,,
Dengue,Vizag,https://dr-m-v-e-rama-naidu-happy-clinic.business.site/?utm_source=gmb&utm_medium=referral,,
Dengue,Vizag,http://drmeghanath.co.in/,,
Dengue,Vizag,https://remedoapp.com/rweb/doctors/dr-shiramshetty-srinivas?utm_source=gmb&utm_medium=web&utm_campaign=tu,,
Typhoid,Vizag,https://www.askapollo.com/doctors/general-physician/visakhapatnam/dr-sesha-mohan-debta?utm_medium=gmb&utm_source=dr-sesha-mohan-debta&utm_campaign=organic,,
Typhoid,Vizag,https://dr-m-v-e-rama-naidu-happy-clinic.business.site/?utm_source=gmb&utm_medium=referral,,
Typhoid,Vizag,https://dr-k-hymakar.business.site/,,
Typhoid,Vizag,https://remedoapp.com/rweb/doctors/dr-duvvada-vijaya-babu?utm_source=gmb&utm_medium=web&utm_campaign=tu,,
Typhoid,Vizag,https://remedoapp.com/rweb/doctors/dr-shiramshetty-srinivas?utm_source=gmb&utm_medium=web&utm_campaign=tu,,
hepatitis A,Vizag,https://srisuryagastrolivercentre.business.site/?utm_source=gmb&utm_medium=referral,,
hepatitis A,Vizag,http://www.rklivergastrocenter.com/,,
hepatitis A,Vizag,http://www.dravsivaprasad.com/,,
hepatitis A,Vizag,https://www.askapollo.com/doctors/medical-gastroenterologist/visakhapatnam/dr-srinivas-nistala?utm_medium=gmb&utm_source=dr-srinivas-nistala&utm_campaign=organic,,
Heart attack,Vizag,https://www.askapollo.com/doctors/cardiologist/visakhapatnam/dr-a-suresh?utm_medium=gmb&utm_source=dr-a-suresh&utm_campaign=organic,,
Heart attack,Vizag,http://www.sisyp.com/dir/vizag/doctor/cardiologist/dr-shashanka-chunduri/,,
Heart attack,Vizag,https://www.askapollo.com/doctors/cardiologist/visakhapatnam/dr-dibya-kumar-baruah?utm_medium=gmb&utm_source=dr-dibya-kumar-baruah&utm_campaign=organic,,
Heart attack,Vizag,https://book.healthplix.com/dr-g-ravikumar-cardiologist-visakhapatnam-visakhapatnam,,
Heart attack,Vizag,https://remedoapp.com/rweb/doctors/dr-siva-kumar-darimireddy?utm_source=gmb&utm_medium=web&utm_campaign=tu,,
Tuberculosis,Vizag,http://www.sisyp.com/dir/vizag/doctor/pulmonology/dr-j-v-praveen/,,
Tuberculosis,Vizag,https://bharatchestcare.business.site/,,
Tuberculosis,Vizag,http://www.sisyp.com/dir/vizag/pulmonologist/dr-m-phanindranath-reddy-2/,,
Tuberculosis,Vizag,http://www.sisyp.com/dir/vizag/doctor/dr-konathala-sureendra/,,
Common Cold,Vizag,http://www.asianenthospital.com/,,
Common Cold,Vizag,https://www.askapollo.com/india/city/visakhapatnam?utm_medium=gmb&utm_source=dr-pradeep-kumar-palakonda&utm_campaign=Organic,,
Common Cold,Vizag,https://www.visakhapatnamdoctors.com/dr-pvs-kumar-raja-ent.html,,
Common Cold,Vizag,https://www.askapollo.com/doctors/ent-specialist/visakhapatnam/dr-naveen-kumar-d?utm_medium=gmb&utm_source=dr-naveen-kumar-d&utm_campaign=organic,,
Pneumonia,Vizag,http://www.drphanender.com/,,
Pneumonia,Vizag,http://www.pulmoprem.com/,,
Pneumonia,Vizag,https://www.visakhapatnamdoctors.com/dr-vamsi-krishna-mutnuri.html,,
Pneumonia,Vizag,http://www.sisyp.com/dir/vizag/doctor/drs-chest-physician-doctors/dr-vaddadi-sailendra/,,
Dimorphic hemmorhoids,Vizag,https://sites.google.com/view/khan-piles-hospital-gajuwaka-/home,,
Dimorphic hemmorhoids,Vizag,https://pilesclinic.business.site/,,
Dimorphic hemmorhoids,Vizag,https://visakha-piles-clinic.business.site/,,
Dimorphic hemmorhoids,Vizag,https://colonclinics.in/,,
Varicose veins,Vizag,https://www.google.com/aclk?sa=l&ai=DChcSEwi0v_Dvjp33AhX2yZQJHX-DBioYABAAGgJ5bQ&sig=AOD64_0rvklLjj8m_RepJaTHyLbnVv6FGg&q=&ctype=99&ved=2ahUKEwi_5-bvjp33AhXZl3IEHQk7BO8QhKwBegQIAhAc&adurl=,,
Varicose veins,Vizag,http://drdalai.com/,,
Varicose veins,Vizag,http://endovascularclinic.com/,,
Varicose veins,Vizag,http://www.venkateshwaravascular.org/,,
Hypothyroidism,Vizag,https://www.lybrate.com/visakhapatnam/doctor/dr-a-mythili-endocrinologist,,
Hypothyroidism,Vizag,https://book-appointment.healthplix.com/dr-mounika-anitha-endocrinologist-visakhaptnam-visakhapatnam,,
Hypothyroidism,Vizag,http://vdec.meetmydoctor.in/,,
Hypothyroidism,Vizag,https://dr-k-vamsi-krishna.business.site/?utm_source=gmb&utm_medium=referral,,
Hyperthyroidism,Vizag,https://www.lybrate.com/visakhapatnam/doctor/dr-a-mythili-endocrinologist,,
Hyperthyroidism,Vizag,https://book-appointment.healthplix.com/dr-mounika-anitha-endocrinologist-visakhaptnam-visakhapatnam,,
Hyperthyroidism,Vizag,http://vdec.meetmydoctor.in/,,
Hyperthyroidism,Vizag,https://dr-k-vamsi-krishna.business.site/?utm_source=gmb&utm_medium=referral,,
Hypoglycemia,Vizag,http://vdec.meetmydoctor.in/,,
Hypoglycemia,Vizag,https://book-appointment.healthplix.com/dr-mounika-anitha-endocrinologist-visakhaptnam-visakhapatnam,,
Hypoglycemia,Vizag,https://dr-k-vamsi-krishna.business.site/?utm_source=gmb&utm_medium=referral,,
Hypoglycemia,Vizag,https://drmohans.com/diabetes-centre-locations/andhra-pradesh/visakhapatnam/,,
Osteoarthristis,Vizag,https://www.jointreplacementvizag.com/,,
Osteoarthristis,Vizag,https://www.askapollo.com/india/city/visakhapatnam,,
Osteoarthristis,Vizag,https://www.jointsurgeryspecialist.com/,,
Osteoarthristis,Vizag,http://www.dradims.com/,,
Arthritis,Vizag,https://www.visakhakneeclinic.com/,,
Arthritis,Vizag,http://drmeghanath.co.in/,,
Arthritis,Vizag,https://saswath-neurology-diabetic-centre.business.site/?utm_source=gmb&utm_medium=referral,,
Arthritis,Vizag,http://www.dradims.com/,,
Paroymsal  Positional Vertigo,Vizag,https://www.visakhapatnamdoctors.com/dr-pvs-kumar-raja-ent.html,,
Paroymsal Positional Vertigo,Vizag,https://www.askapollo.com/ent-specialist?utm_medium=gmb&utm_source=Askapollo&utm_campaign=Organic,,
Paroymsal Positional Vertigo,Vizag,http://www.asianenthospital.com/,,
Paroymsal Positional Vertigo,Vizag,http://asianenthospital.com/,,
Acne,Vizag,http://www.visakhaskinclinic.com/,,
Acne,Vizag,http://www.theskinmed.com/,,
Acne,Vizag,https://www.olivaclinic.com/vizag/skin-hair-specialists-dwaraka-nagar/?utm_source=BL&utm_medium=Website&utm_campaign=Vizag,,
Acne,Vizag,http://www.skinshineclinic.com/,,
Urinary tract infection,Vizag,http://www.sisyp.com/dir/vizag/doctor/urologist-laparoscopic-surgeon/hasitha-uro-care/,,
Urinary tract infection,Vizag,https://ainuindia.org/dr-amit/,,
Urinary tract infection,Vizag,http://www.sisyp.com/dir/vizag/doctor/urologists-andrologist/vijaya-krishna-urology-andrology-centre/,,
Urinary tract infection,Vizag,https://www.askapollo.com/doctors/urologist/visakhapatnam/dr-naidu-ch-n?utm_medium=gmb&utm_source=dr-naidu-ch-n&utm_campaign=organic,,
Psoriasis,Vizag,http://www.visakhaskinclinic.com/,,
Psoriasis,Vizag,https://www.practo.com/visakhapatnam/doctor/dr-sasi-kiran-attili-dermatologist-cosmetologist-1,,
Psoriasis,Vizag,http://www.ghtclinic.com/,,
Psoriasis,Vizag,https://www.auraskinclinic.com/,,
Impetigo,Vizag,http://www.visakhaskinclinic.com/,,
Impetigo,Vizag,https://drlakshmimanasi.business.site/,,
Impetigo,Vizag,http://www.ghtclinic.com/,,
Impetigo,Vizag,http://www.skinshineclinic.com/,,
hepatitis C,Hyderabad,https://www.justdial.com/Hyderabad/Dr-Nagarjuna-Yarlagadda-Endoviz-Hospital-Opposite-Lakshmi-Vilas-Bank-Remedy-Hospital-Lane-Kukatpally/040PXX40-XX40-160411084819-D7L2_BZDET?xid=SHlkZXJhYmFkIEhlcGF0aXRpcyBEb2N0b3Jz,,
hepatitis C,Hyderabad,https://www.justdial.com/Hyderabad/Medicover-Hospitals-Madhapur/040PXX40-XX40-150922112530-D2V8_BZDET?xid=SHlkZXJhYmFkIEhlcGF0aXRpcyBEb2N0b3Jz,,
hepatitis C,Hyderabad,https://www.justdial.com/Hyderabad/Dr-Madhu-Varanasi-Super-Speciality-Homeopathy-Clinic-Opposite-More-Super-Market-Lane-Kukatpally/040PXX40-XX40-110214173455-H9L8_BZDET?xid=SHlkZXJhYmFkIEhlcGF0aXRpcyBEb2N0b3Jz,,
hepatitis C,Hyderabad,https://www.justdial.com/Hyderabad/Shine-Gastro-Clinic-Opposite-Prime-Hospital-KPHB-Colony-Kukatpally/040PXX40-XX40-130423143240-Q4W5_BZDET?xid=SHlkZXJhYmFkIEhlcGF0aXRpcyBEb2N0b3Jz,,
hepatitis D,Hyderabad,https://www.justdial.com/Hyderabad/Dr-Nagarjuna-Yarlagadda-Endoviz-Hospital-Opposite-Lakshmi-Vilas-Bank-Remedy-Hospital-Lane-Kukatpally/040PXX40-XX40-160411084819-D7L2_BZDET?xid=SHlkZXJhYmFkIEhlcGF0aXRpcyBEb2N0b3Jz,,
hepatitis D,Hyderabad,https://www.justdial.com/Hyderabad/Medicover-Hospitals-Madhapur/040PXX40-XX40-150922112530-D2V8_BZDET?xid=SHlkZXJhYmFkIEhlcGF0aXRpcyBEb2N0b3Jz,,
hepatitis D,Hyderabad,https://www.justdial.com/Hyderabad/Dr-Madhu-Varanasi-Super-Speciality-Homeopathy-Clinic-Opposite-More-Super-Market-Lane-Kukatpally/040PXX40-XX40-110214173455-H9L8_BZDET?xid=SHlkZXJhYmFkIEhlcGF0aXRpcyBEb2N0b3Jz,,
hepatitis D,Hyderabad,https://www.justdial.com/Hyderabad/Shine-Gastro-Clinic-Opposite-Prime-Hospital-KPHB-Colony-Kukatpally/040PXX40-XX40-130423143240-Q4W5_BZDET?xid=SHlkZXJhYmFkIEhlcGF0aXRpcyBEb2N0b3Jz,,
hepatitis D,Hyderabad,https://www.justdial.com/Hyderabad/Dr-Nagarjuna-Yarlagadda-Endoviz-Hospital-Opposite-Lakshmi-Vilas-Bank-Remedy-Hospital-Lane-Kukatpally/040PXX40-XX40-160411084819-D7L2_BZDET?xid=SHlkZXJhYmFkIEhlcGF0aXRpcyBEb2N0b3Jz,,